{
  "audit_trail_row_count": 40,
  "calibration_curve": [
    {
      "bin": "0.5\u20130.6",
      "n": 1,
      "observed_frequency": 0.0,
      "predicted_probability_avg": 0.507
    },
    {
      "bin": "0.6\u20130.7",
      "n": 33,
      "observed_frequency": 0.6061,
      "predicted_probability_avg": 0.6516
    },
    {
      "bin": "0.7\u20130.8",
      "n": 6,
      "observed_frequency": 0.8333,
      "predicted_probability_avg": 0.7078
    }
  ],
  "methodology_version": "v1.0-2026-05-20",
  "metrics": {
    "by_coverage_target": {
      "0.90": {
        "brier": 0.290896,
        "ece": 0.231264,
        "hit_rate": 0.4,
        "log_loss": 0.777055,
        "n": 5
      },
      "null": {
        "brier": 0.213046,
        "ece": 0.045887,
        "hit_rate": 0.657143,
        "log_loss": 0.616441,
        "n": 35
      }
    },
    "by_model_id": {
      "2022_2025_0002475314": {
        "brier": 0.165942,
        "ece": 0.254677,
        "hit_rate": 0.8,
        "log_loss": 0.516449,
        "n": 5
      },
      "2022_2025_0004128914": {
        "brier": 0.112064,
        "ece": 0.33476,
        "hit_rate": 1.0,
        "log_loss": 0.407607,
        "n": 1
      },
      "2022_2025_0004159614": {
        "brier": 0.202047,
        "ece": 0.029723,
        "hit_rate": 0.666667,
        "log_loss": 0.59282,
        "n": 3
      },
      "2022_2025_0005434314": {
        "brier": 0.257849,
        "ece": 0.30638,
        "hit_rate": 0.5,
        "log_loss": 0.707288,
        "n": 4
      },
      "2022_2025_0005519214": {
        "brier": 0.234717,
        "ece": 0.060308,
        "hit_rate": 0.588235,
        "log_loss": 0.662483,
        "n": 17
      },
      "2022_2025_0007159714": {
        "brier": 0.177424,
        "ece": 0.133463,
        "hit_rate": 0.8,
        "log_loss": 0.543153,
        "n": 5
      },
      "2022_2025_1359520414": {
        "brier": 0.400901,
        "ece": 0.633167,
        "hit_rate": 0.0,
        "log_loss": 1.002849,
        "n": 1
      },
      "2022_2026_1147272514": {
        "brier": 0.128712,
        "ece": 0.358764,
        "hit_rate": 1.0,
        "log_loss": 0.444358,
        "n": 1
      },
      "2022_2026_1147456614": {
        "brier": 0.308289,
        "ece": 0.293973,
        "hit_rate": 0.333333,
        "log_loss": 0.812689,
        "n": 3
      }
    },
    "by_sport": {
      "mlb": {
        "brier": 0.228111,
        "ece": 0.036915,
        "hit_rate": 0.615385,
        "log_loss": 0.648477,
        "n": 26
      },
      "nba": {
        "brier": 0.156962,
        "ece": 0.156437,
        "hit_rate": 0.833333,
        "log_loss": 0.498309,
        "n": 6
      },
      "nhl": {
        "brier": 0.254804,
        "ece": 0.22119,
        "hit_rate": 0.5,
        "log_loss": 0.701308,
        "n": 8
      }
    },
    "overall": {
      "brier": 0.222777,
      "ece": 0.069059,
      "hit_rate": 0.625,
      "log_loss": 0.636518,
      "n": 40
    },
    "roi_percent": null
  },
  "outcomes_resolved_count": 40,
  "published_at": "2026-06-15T11:30:00.524686+00:00",
  "report_date": "2026-06-15"
}
